{
  "name" : "image-2",
  "size" : 6096,
  "mimetype" : "image/png",
  "metadata" : {
    "Dublin-Core-xhtWmrNhLKfVIsdl" : {
      "name" : "Dublin-Core-xhtWmrNhLKfVIsdl",
      "type" : "DC",
      "data" : "<metadata xmlns:xsi=\"http://www.w3.org/2001/XMLSchema-instance\" xmlns:dc=\"http://purl.org/dc/elements/1.1/\">\n\t<dc:title>Test Object</dc:title>\n\t<dc:creator>fasseg</dc:creator>\n\t<dc:subject>Testing Groven</dc:subject>\n\t<dc:description>Test Object to implement integration Tests</dc:description>\n</metadata>",
      "mimetype" : null,
      "originalFilename" : null,
      "utcCreated" : "2014-11-03T13:33:18.452Z",
      "utcLastModified" : "2014-11-03T13:33:18.452Z"
    }
  },
  "filename" : "image_2.png",
  "checksum" : "b80d489b2be18008cda9f7e4a0e1cad4",
  "checksumType" : "MD5",
  "path" : "lv/PefuDrvrcVPHwCyK",
  "source" : {
    "type" : "url-source",
    "uri" : "http://localhost:8080/entity/PrZEKySmBAkuhXDw/binary/image-2/content",
    "internal" : true
  },
  "utcCreated" : "2014-11-03T13:33:18.452Z",
  "utcLastModified" : "2014-11-03T13:33:18.452Z"
}