{
  "name" : "Dublin-Core-UGXMCQldHpeAqXjD",
  "type" : "DC",
  "data" : "<metadata xmlns:xsi=\"http://www.w3.org/2001/XMLSchema-instance\" xmlns:dc=\"http://purl.org/dc/elements/1.1/\">\n\t<dc:title>Test Object</dc:title>\n\t<dc:creator>fasseg</dc:creator>\n\t<dc:subject>Testing Groven</dc:subject>\n\t<dc:description>Test Object to implement integration Tests</dc:description>\n</metadata>",
  "mimetype" : null,
  "originalFilename" : null,
  "utcCreated" : "2014-11-03T13:28:24.127Z",
  "utcLastModified" : "2014-11-03T13:28:24.127Z"
}