{
  "id" : "ScGlUZDBuoZhYpOF",
  "parentId" : "level2-tezoPScpqqPiYotT",
  "contentModelId" : "data",
  "state" : "PENDING",
  "version" : 1,
  "children" : [ ],
  "label" : "My Label",
  "utcCreated" : "2014-11-03T13:27:01.537Z",
  "utcLastModified" : "2014-11-03T13:27:01.537Z",
  "tags" : [ "test", "integration-test" ],
  "metadata" : {
    "Dublin-Core-aORVpoTSepafQdPY" : {
      "name" : "Dublin-Core-aORVpoTSepafQdPY",
      "type" : "DC",
      "data" : "<metadata xmlns:xsi=\"http://www.w3.org/2001/XMLSchema-instance\" xmlns:dc=\"http://purl.org/dc/elements/1.1/\">\n\t<dc:title>Test Object</dc:title>\n\t<dc:creator>fasseg</dc:creator>\n\t<dc:subject>Testing Groven</dc:subject>\n\t<dc:description>Test Object to implement integration Tests</dc:description>\n</metadata>",
      "mimetype" : null,
      "originalFilename" : null,
      "utcCreated" : "2014-11-03T13:27:01.537Z",
      "utcLastModified" : "2014-11-03T13:27:01.537Z"
    }
  },
  "binaries" : {
    "image-2" : {
      "name" : "image-2",
      "size" : 6096,
      "mimetype" : "image/png",
      "metadata" : {
        "Dublin-Core-SeZLNIPGJJUfZbCU" : {
          "name" : "Dublin-Core-SeZLNIPGJJUfZbCU",
          "type" : "DC",
          "data" : "<metadata xmlns:xsi=\"http://www.w3.org/2001/XMLSchema-instance\" xmlns:dc=\"http://purl.org/dc/elements/1.1/\">\n\t<dc:title>Test Object</dc:title>\n\t<dc:creator>fasseg</dc:creator>\n\t<dc:subject>Testing Groven</dc:subject>\n\t<dc:description>Test Object to implement integration Tests</dc:description>\n</metadata>",
          "mimetype" : null,
          "originalFilename" : null,
          "utcCreated" : "2014-11-03T13:27:01.539Z",
          "utcLastModified" : "2014-11-03T13:27:01.539Z"
        }
      },
      "filename" : "image_2.png",
      "checksum" : "b80d489b2be18008cda9f7e4a0e1cad4",
      "checksumType" : "MD5",
      "path" : "DZ/bWXdVOcJYGuZmnPx",
      "source" : {
        "type" : "url-source",
        "uri" : "http://localhost:8080/entity/ScGlUZDBuoZhYpOF/binary/image-2/content",
        "internal" : true
      },
      "utcCreated" : "2014-11-03T13:27:01.539Z",
      "utcLastModified" : "2014-11-03T13:27:01.539Z"
    },
    "image-1" : {
      "name" : "image-1",
      "size" : 6096,
      "mimetype" : "image/png",
      "metadata" : {
        "Dublin-Core-hsUmXEAYMlyJChXY" : {
          "name" : "Dublin-Core-hsUmXEAYMlyJChXY",
          "type" : "DC",
          "data" : "<metadata xmlns:xsi=\"http://www.w3.org/2001/XMLSchema-instance\" xmlns:dc=\"http://purl.org/dc/elements/1.1/\">\n\t<dc:title>Test Object</dc:title>\n\t<dc:creator>fasseg</dc:creator>\n\t<dc:subject>Testing Groven</dc:subject>\n\t<dc:description>Test Object to implement integration Tests</dc:description>\n</metadata>",
          "mimetype" : null,
          "originalFilename" : null,
          "utcCreated" : "2014-11-03T13:27:01.540Z",
          "utcLastModified" : "2014-11-03T13:27:01.540Z"
        }
      },
      "filename" : "image_1.png",
      "checksum" : "b80d489b2be18008cda9f7e4a0e1cad4",
      "checksumType" : "MD5",
      "path" : "dH/eMcSvDsTiTEtfmUC",
      "source" : {
        "type" : "url-source",
        "uri" : "http://localhost:8080/entity/ScGlUZDBuoZhYpOF/binary/image-1/content",
        "internal" : true
      },
      "utcCreated" : "2014-11-03T13:27:01.540Z",
      "utcLastModified" : "2014-11-03T13:27:01.540Z"
    }
  },
  "alternativeIdentifiers" : [ ],
  "relations" : null
}