{
  "name" : "image-2",
  "size" : 6096,
  "mimetype" : "image/png",
  "metadata" : {
    "Dublin-Core-TTaVksJZvBPMBUos" : {
      "name" : "Dublin-Core-TTaVksJZvBPMBUos",
      "type" : "DC",
      "data" : "<metadata xmlns:xsi=\"http://www.w3.org/2001/XMLSchema-instance\" xmlns:dc=\"http://purl.org/dc/elements/1.1/\">\n\t<dc:title>Test Object</dc:title>\n\t<dc:creator>fasseg</dc:creator>\n\t<dc:subject>Testing Groven</dc:subject>\n\t<dc:description>Test Object to implement integration Tests</dc:description>\n</metadata>",
      "mimetype" : null,
      "originalFilename" : null,
      "utcCreated" : "2014-10-31T14:27:39.314Z",
      "utcLastModified" : "2014-10-31T14:27:39.314Z"
    }
  },
  "filename" : "image_2.png",
  "checksum" : "b80d489b2be18008cda9f7e4a0e1cad4",
  "checksumType" : "MD5",
  "path" : "rX/OeKKhaqazaMrSofi",
  "source" : {
    "type" : "url-source",
    "uri" : "http://localhost:8080/entity/KddmLrHVDYCZDPgd/binary/image-2/content",
    "internal" : true
  },
  "utcCreated" : "2014-10-31T14:27:39.314Z",
  "utcLastModified" : "2014-10-31T14:27:39.314Z"
}